player,age,rank,weeksAtRank,rankedWeeks,totalWeeks,trueMajority,medianRank,bestRank,rawCountMode
Federer,17,103,3.0,25.9,52.1,n,123.0,103,103
Federer,18,64,7.0,52.3,52.3,n,59.5,35,64
Federer,19,29,9.0,52.1,52.1,n,24.0,14,29
Federer,20,13,18.0,52.1,52.1,n,12.0,8,13
Federer,21,5,17.0,52.1,52.1,n,6.0,3,5
Federer,22,1,26.9,52.3,52.3,Y,1.0,1,1
Federer,23,1,52.1,52.1,52.1,Y,1.0,1,1
Federer,24,1,52.1,52.1,52.1,Y,1.0,1,1
Federer,25,1,52.1,52.1,52.1,Y,1.0,1,1
Federer,26,1,52.3,52.3,52.3,Y,1.0,1,1
Federer,27,2,46.0,52.1,52.1,Y,2.0,1,2
Federer,28,1,43.3,52.1,52.1,Y,1.0,1,1
Federer,29,3,26.1,52.1,52.1,Y,3.0,2,2
Federer,30,3,41.0,52.3,52.3,Y,3.0,1,3
Federer,31,2,24.0,52.1,52.1,n,2.0,1,2
Federer,32,6,15.0,52.1,52.1,n,6.0,3,6
Federer,33,2,42.7,52.1,52.1,Y,2.0,2,2
Federer,34,3,42.0,52.3,52.3,Y,3.0,2,3
Federer,35,4,9.0,52.1,52.1,n,7.0,3,16
Federer,36,2,39.3,52.1,52.1,Y,2.0,1,2
Federer,37,3,28.4,52.1,52.1,Y,3.0,2,3
Federer,38,3,29.6,52.3,52.3,Y,3.0,3,3
Federer,39,5,17.0,52.1,52.1,n,5.0,4,5
Federer,40,9,10.1,48.1,52.1,n,17.0,9,16
Sampras,17,97,5.0,49.7,52.1,n,96.0,85,94
Sampras,18,19,9.0,52.1,52.1,n,42.0,14,19
Sampras,19,5,20.0,52.1,52.1,n,6.0,5,5
Sampras,20,3,15.3,52.3,52.3,n,4.0,3,3
Sampras,21,3,19.7,52.1,52.1,n,2.0,1,3
Sampras,22,1,49.1,52.1,52.1,Y,1.0,1,1
Sampras,23,1,34.4,52.1,52.1,Y,1.0,1,1
Sampras,24,1,32.0,52.3,52.3,Y,1.0,1,1
Sampras,25,1,52.1,52.1,52.1,Y,1.0,1,1
Sampras,26,1,47.9,52.1,52.1,Y,1.0,1,1
Sampras,27,1,38.4,52.1,52.1,Y,1.0,1,1
Sampras,28,3,24.0,52.3,52.3,n,3.0,1,3
Sampras,29,3,16.0,52.1,52.1,n,3.0,1,3
Sampras,30,10,20.0,52.1,52.1,n,12.0,9,10
Sampras,31,13,12.0,52.1,52.1,n,16.0,13,13
Sampras,32,34,2.9,3.9,52.3,Y,34.0,34,34
Agassi,16,92,5.0,37.3,52.1,n,94.0,56,92
Agassi,17,26,5.0,52.3,52.3,n,46.0,15,26
Agassi,18,4,20.0,52.1,52.1,n,4.0,3,4
Agassi,19,5,13.3,52.1,52.1,n,6.0,4,5
Agassi,20,4,40.1,52.1,52.1,Y,4.0,4,4
Agassi,21,8,11.0,52.3,52.3,n,8.0,4,8
Agassi,22,9,18.0,52.1,52.1,n,9.0,6,9
Agassi,23,24,12.0,52.1,52.1,n,22.0,7,24
Agassi,24,2,22.0,52.1,52.1,n,8.0,1,2
Agassi,25,1,29.3,52.3,52.3,Y,1.0,1,1
Agassi,26,3,12.0,52.1,52.1,n,8.0,3,3
Agassi,27,29,6.9,52.1,52.1,n,59.0,20,29
Agassi,28,6,11.0,52.1,52.1,n,8.0,4,6
Agassi,29,1,35.7,52.3,52.3,Y,1.0,1,1
Agassi,30,1,19.3,52.1,52.1,n,4.0,1,1
Agassi,31,3,21.1,52.1,52.1,n,3.0,2,3
Agassi,32,2,28.0,52.1,52.1,Y,2.0,1,2
Agassi,33,4,18.0,52.3,52.3,n,4.0,1,4
Agassi,34,8,12.6,52.1,52.1,n,8.0,6,8
Agassi,35,6,18.0,52.1,52.1,n,7.0,5,6
Agassi,36,150,8.0,49.1,52.1,n,149.0,14,150
Agassi,37,200,0.1,0.1,52.3,Y,200.0,200,None
